vendor/whatwg-streams-b9ba9f49/LICENSE	6e58e12504d2c5c932620deb3e16d1b36ab94fb309908717dc7cf0a3929f2e38	16671
vendor/whatwg-streams-b9ba9f49/README.md	39c11e2e1f1ee1fc6d68c69215a1dde11e8f26c660a28acdf80de42ad3bf8d07	2200
vendor/whatwg-streams-b9ba9f49/index.bs	34ba0cd16bddc2a8eb172740b3372f1b9cde2846e690bc8d6ad3c35246ac6a87	425477
vendor/whatwg-streams-b9ba9f49/reference-implementation/COPYING.txt	f4e7f373b9b996950337e8d41a4a2939c2d90b7725e9baf3d5084a22717ad328	7169
vendor/whatwg-streams-b9ba9f49/reference-implementation/LICENSE.md	85f92bd369be5ffd4d252cd83edb30f6d0363d45cdf678642127f7d4f2ff448f	1739
vendor/whatwg-streams-b9ba9f49/reference-implementation/README.md	30908424b219d571251bc8560d6b44f576b53f1a4b35d3528dd946edaff0216a	3342
vendor/whatwg-streams-b9ba9f49/reference-implementation/compile-idl.js	a11e9a260f462719339c87f5c06f181eea19d4aaa34a6b03bd4f47ac9f44b007	629
vendor/whatwg-streams-b9ba9f49/reference-implementation/lib/ByteLengthQueuingStrategy-impl.js	9b3a6072246ce5709f270fa1d055a77c8201919a43f2908a0610378d546b7f08	731
vendor/whatwg-streams-b9ba9f49/reference-implementation/lib/ByteLengthQueuingStrategy.webidl	f0e15f998e3fd496de903be914e1929004422a798502e7b8ae50f5f627df337b	216
vendor/whatwg-streams-b9ba9f49/reference-implementation/lib/CountQueuingStrategy-impl.js	7d577d62f13508915d8eed19b05cfd93275d7db4f85d95eccc34d97d624cb394	708
vendor/whatwg-streams-b9ba9f49/reference-implementation/lib/CountQueuingStrategy.webidl	f746f5d88f4d01e882926c4d535f274678b5659788a3f24a450a06b72ab9198a	211
vendor/whatwg-streams-b9ba9f49/reference-implementation/lib/QueuingStrategy.webidl	27b70d25497c530b6be94f34fcd27fa10225f4c36f451323c166d16c3751c195	168
vendor/whatwg-streams-b9ba9f49/reference-implementation/lib/QueuingStrategyInit.webidl	38449110a48c131ae7cc6b2fa4268318485b03e12c6ef961cc925f8b4675d672	85
vendor/whatwg-streams-b9ba9f49/reference-implementation/lib/ReadableByteStreamController-impl.js	9643630400eb1ec8a034643b7475cf4736a9fce889e45b27711463ac042c495d	3307
vendor/whatwg-streams-b9ba9f49/reference-implementation/lib/ReadableByteStreamController.webidl	ebbfdec6367fd844f17eec45e9ab69ad7ae91ac7aa09a9fc2283f52401423e32	304
vendor/whatwg-streams-b9ba9f49/reference-implementation/lib/ReadableStream-impl.js	a3f9916fdf3c25cd9057bb92c7c65cf0c1f2cd1d700f56beaed24bb856f7e375	5877
vendor/whatwg-streams-b9ba9f49/reference-implementation/lib/ReadableStream.webidl	161964eb744336e4c7c0423f061445c52d2cc24475626474b1633df328fdfbc8	1345
vendor/whatwg-streams-b9ba9f49/reference-implementation/lib/ReadableStreamBYOBReader-impl.js	3fa0a55f21fadadfd0659da96ce46f7ef42a80b4e38f519e6952478ed26c42b5	2493
vendor/whatwg-streams-b9ba9f49/reference-implementation/lib/ReadableStreamBYOBReader.webidl	ecca3b45e7f7c6eccbb5f5018f5e549c5eb168601bddaccc8f0b6ecd266bfc10	436
vendor/whatwg-streams-b9ba9f49/reference-implementation/lib/ReadableStreamBYOBRequest-impl.js	ae4c7d86a03cdcf51636eb7a01067102fa84542fa02d26ea3d891fb7ad09f3c5	1209
vendor/whatwg-streams-b9ba9f49/reference-implementation/lib/ReadableStreamBYOBRequest.webidl	1062cfde2e718596a27c7f9472d03fa51adc66547abe3befc6adbe5061dd0476	245
vendor/whatwg-streams-b9ba9f49/reference-implementation/lib/ReadableStreamDefaultController-impl.js	b28b8bf2bc1cef8c8e1992b1d6dfaebc930ac6def750a976b0f2bdda8ed429b7	1848
vendor/whatwg-streams-b9ba9f49/reference-implementation/lib/ReadableStreamDefaultController.webidl	1e4bdba283a84090aa8cd79d78544608acfc08c0068274af1a3df7c6a9527747	242
vendor/whatwg-streams-b9ba9f49/reference-implementation/lib/ReadableStreamDefaultReader-impl.js	79916ba8dfe6a54f37f0e786cce815c8bd815c4efcd62442d46b1e76768a7c2c	1427
vendor/whatwg-streams-b9ba9f49/reference-implementation/lib/ReadableStreamDefaultReader.webidl	77411348d74e6165d0dfa65fd8486ddb444bb9152d9780c27b601b0c73f0ae66	261
vendor/whatwg-streams-b9ba9f49/reference-implementation/lib/ReadableStreamGenericReader-impl.js	6e2a98242bbbb03a3599b2bc7a7c1cac84974ec2a37b9ea8cb4cac43d31bd7a0	600
vendor/whatwg-streams-b9ba9f49/reference-implementation/lib/ReadableStreamGenericReader.webidl	bbf2135e5b6be7e0b3630ab11aa866e23a842c17aa99d95aa7afd24071b985cd	153
vendor/whatwg-streams-b9ba9f49/reference-implementation/lib/ReadableStreamReadResult.webidl	c8e37a41528ffb10ce735961290604c72dce2aa74d3e845f45e2ba83f31819fd	74
vendor/whatwg-streams-b9ba9f49/reference-implementation/lib/TransformStream-impl.js	e4ce836129bcec0fcd500ffb10836e166df632c564c45846a047afd2a5d42b4f	1773
vendor/whatwg-streams-b9ba9f49/reference-implementation/lib/TransformStream.webidl	c882cd64b9ba54a6b793d637e1d861ffedf3f46e1e2208c9c64b68c74d885a5b	349
vendor/whatwg-streams-b9ba9f49/reference-implementation/lib/TransformStreamDefaultController-impl.js	8541ee6e06361c121e2f759fff90c8b973c2dd7b22a994f979f5d0401f82681a	654
vendor/whatwg-streams-b9ba9f49/reference-implementation/lib/TransformStreamDefaultController.webidl	3520fcdfe73b5cd8b66f55beb53d9447047fbab41e23eb7853e558bf2a5dbe0f	252
vendor/whatwg-streams-b9ba9f49/reference-implementation/lib/Transformer.webidl	7316e80efd86b1f13e348850fad617291100985f97070c5ca0da3b0074c8eecc	604
vendor/whatwg-streams-b9ba9f49/reference-implementation/lib/UnderlyingSink.webidl	8ed9888c843fc59842f0d1334cb1ce3888e3d3de76efff3e9aa73b1fc81e17d3	551
vendor/whatwg-streams-b9ba9f49/reference-implementation/lib/UnderlyingSource.webidl	6b308d128c1f995a1f8f6b56f40b8987e068be53e1b2006d1403d99fbd8f0764	657
vendor/whatwg-streams-b9ba9f49/reference-implementation/lib/WritableStream-impl.js	1f723fe8851f9cbfdd722b975f141566ef614862817cb6103c54b3781a4b0ae9	1815
vendor/whatwg-streams-b9ba9f49/reference-implementation/lib/WritableStream.webidl	17f2ba104bebd379cfb3f186df8fdafd655aa01d05bed6c8952d996a265fe373	336
vendor/whatwg-streams-b9ba9f49/reference-implementation/lib/WritableStreamDefaultController-impl.js	bf4f2f1fac8703a9018f90263f7e291a7a780a4641ec0c08cda6379f2ca478b5	920
vendor/whatwg-streams-b9ba9f49/reference-implementation/lib/WritableStreamDefaultController.webidl	9ac385f0d7c75df63a4a2a99f900479bd34bf77e18be9a4e18b1cf27402d559d	162
vendor/whatwg-streams-b9ba9f49/reference-implementation/lib/WritableStreamDefaultWriter-impl.js	ae4dd5c3d3a979808c28e668516657762841e319e17bee3e75ffc0649fc336bb	1828
vendor/whatwg-streams-b9ba9f49/reference-implementation/lib/WritableStreamDefaultWriter.webidl	e7ab50a0ab3a0e468061491237f61b460b49d6e7c905a0853ce321ecac3f19b3	434
vendor/whatwg-streams-b9ba9f49/reference-implementation/lib/abstract-ops/ecmascript.js	b2c40a1573f500ce2d23a1fa20bfddf7591e0af63f9ad78d92ea89328f2cab7d	1761
vendor/whatwg-streams-b9ba9f49/reference-implementation/lib/abstract-ops/internal-methods.js	d5ee530415662d893545d2c7fca1b7c88f3aabd9b01f31b77eaa49b54609b166	261
vendor/whatwg-streams-b9ba9f49/reference-implementation/lib/abstract-ops/miscellaneous.js	20596ce83b87fefcb1703fa2b86980dd4111ebb68cb98ef563d7d4084a145dbf	893
vendor/whatwg-streams-b9ba9f49/reference-implementation/lib/abstract-ops/queue-with-sizes.js	67554277c2c0bf9a8d354244bab1ea85a6cc86c309706c99275eb6aa5e14fa9c	1310
vendor/whatwg-streams-b9ba9f49/reference-implementation/lib/abstract-ops/queuing-strategy.js	38158b9f94e9ea4abd37d23e63c570e640505b28d254146144921835ead75240	611
vendor/whatwg-streams-b9ba9f49/reference-implementation/lib/abstract-ops/readable-streams.js	229294f677aeaf1fb1325ce14f45b96ad42145fe5232b57f812041b6033fdc2c	64552
vendor/whatwg-streams-b9ba9f49/reference-implementation/lib/abstract-ops/transform-streams.js	65a76564adbfee89aa9b7ec59fed83b7a2c8bac4b0084cc6f029a8524a9ee31d	12896
vendor/whatwg-streams-b9ba9f49/reference-implementation/lib/abstract-ops/writable-streams.js	028082f7eec9ffbc87c25806c0792f653e9f0a53315eae3f3ead8ce2f9817cc0	25188
vendor/whatwg-streams-b9ba9f49/reference-implementation/lib/helpers/miscellaneous.js	5ad734c2ce12b5f7aa87ef23157a9e87c0d3e1bb60c7c1804f1f325813f3ec23	800
vendor/whatwg-streams-b9ba9f49/reference-implementation/lib/helpers/webidl.js	1cb355142704e3915a0b5df4dff52437ab0277367fd76515ece74ddf6ef24ec0	4868
vendor/whatwg-streams-b9ba9f49/reference-implementation/lib/index.js	faff5f0e03b2f8e5bd760942d10bd1f0648eb7837ea5471db1424ad96f48e341	1266
vendor/whatwg-streams-b9ba9f49/reference-implementation/package.json	32ed66e794938d0a59b9d82d13738f418a075377494bc9365ca490eab8918846	852
vendor/whatwg-streams-b9ba9f49/reference-implementation/run-web-platform-tests.js	3a81170cb4b3aa82f496f6083709295fa3a65ba4d572fb4854e3529291d4f195	3526
vendor/wpt-480fdfcd/LICENSE.md	5fac07febb0e2a97fb0d7b0def149ec08b642e1ba4b9c345283ab1cbd2af6570	1500
vendor/wpt-480fdfcd/streams/META.yml	8d53b4da23261dcc8d619ec3289fc25e844b518d049438647fefbd2ff195ad04	116
vendor/wpt-480fdfcd/streams/README.md	c9ca2654183cf6b56bf81dacf31075e70eea030063f0a5dce20bfddc0b1ec2f8	434
vendor/wpt-480fdfcd/streams/WEB_FEATURES.yml	131fadcb8fa09fba415fbb54d3ea03af4dd44f31adc92108c8052d9fe1eaf0a5	81
vendor/wpt-480fdfcd/streams/idlharness.any.js	21267022141f9c40f51634758ff8c705d5c8077ea076cc10a69944c41ef14fbb	2545
vendor/wpt-480fdfcd/streams/piping/WEB_FEATURES.yml	6be9e5015cc13f8aed0ae3892eae983b86f21a531936b0888b2591f1e59fde80	25
vendor/wpt-480fdfcd/streams/piping/abort.any.js	fda77dcb005ae4d259876959d4eb402d89761d22eaf92f3b45cc976635586942	16790
vendor/wpt-480fdfcd/streams/piping/close-propagation-backward.any.js	c7363f99f40cf1b5a5bad2a1c74c37106a51971c92296c04edf4c88efa29b357	4483
vendor/wpt-480fdfcd/streams/piping/close-propagation-forward.any.js	7ccea153680a8bd3d6053a81db18267f3b94e72bf8a4b302ce47d9faa56eabcf	16642
vendor/wpt-480fdfcd/streams/piping/crashtests/cross-piping.html	eafa294f63b4ef42603f646ef3823e1a4f0206fd9f24c3b14859fe61bd203516	317
vendor/wpt-480fdfcd/streams/piping/crashtests/cross-piping2.https.html	fa675a4d7e2b1ffd697e34dd30a2627dadb62177c880d29ff66d8d6464238a0a	396
vendor/wpt-480fdfcd/streams/piping/error-propagation-backward.any.js	cc64cbbf02a1bd40963e77e79fca0a7847dd2456e0f47aab402caa8867f1f3a4	18998
vendor/wpt-480fdfcd/streams/piping/error-propagation-forward.any.js	e8d3a3a2500fea2f63860e76e2a4743ec941989815016cc7097b41b478525477	17332
vendor/wpt-480fdfcd/streams/piping/flow-control.any.js	0aaf759d9bffd6ab3bf64aa936f1a2e5e3ba76f3674cd6b36fb1202942bf8003	10866
vendor/wpt-480fdfcd/streams/piping/general-addition.any.js	add1ac186cf5ecd70b7844c7d8d117490a3f421a52a9996a1479ae4453db363e	519
vendor/wpt-480fdfcd/streams/piping/general.any.js	ebc66303d934b1a3e98cde72eb2d18c7a7f00f9f63bc32b8e0e2b6220578010c	5911
vendor/wpt-480fdfcd/streams/piping/multiple-propagation.any.js	e9754030de9b13e244d5f5001f5de967ffaffaa3b95802fc9c0846cf60c35e05	6869
vendor/wpt-480fdfcd/streams/piping/pipe-through.any.js	3fb36586e41878aaaebb09f182bdd659d7919569e3fbb08f32c7e303dddca85a	10132
vendor/wpt-480fdfcd/streams/piping/then-interception.any.js	44b46da69e23256a5b8fb7cc092ebfac7bde53e90c3049606c3657cb2946e2de	1738
vendor/wpt-480fdfcd/streams/piping/throwing-options.any.js	44399b847f98c9fb8ae0cd942dad71205d9efb99cc2a50ead4c83da536ca5b10	1787
vendor/wpt-480fdfcd/streams/piping/transform-streams.any.js	3ceb7908ae72c4a1f4e81f7596ca8640af8254588562c052cc68f5cbcb19771e	506
vendor/wpt-480fdfcd/streams/queuing-strategies-size-function-per-global.window.js	26c8ea5875eb1aa7f1fb118f65e35d88cc9cede60f96ba869856eb68fc0c25b3	568
vendor/wpt-480fdfcd/streams/queuing-strategies.any.js	ece59cf020e6a21a363f6fae7de227a71656b2aba216892138e00d8367045184	6137
vendor/wpt-480fdfcd/streams/readable-byte-streams/WEB_FEATURES.yml	acec69ea4430caf01793cdcfc115301519fc80871f1d6a333ec32f69834749bd	39
vendor/wpt-480fdfcd/streams/readable-byte-streams/bad-buffers-and-views.any.js	ae47480e012db42e6e0f8ee801005d624dd2888231fb5da25c00f5bd068ea3a5	12897
vendor/wpt-480fdfcd/streams/readable-byte-streams/construct-byob-request.any.js	c423f1c2afa761e47d953220c82a0028b2659d8040d4cdcbd0248c4f8b67d701	1877
vendor/wpt-480fdfcd/streams/readable-byte-streams/crashtests/tee-locked-stream.any.js	d0794bccbc28be6538723ae69eb3b9b50389aa9af2846111997d39a055ec8101	292
vendor/wpt-480fdfcd/streams/readable-byte-streams/enqueue-with-detached-buffer.any.js	b6e0b0fd3dbaf40aa373b00d5d69ed032022b0ef4944e2fe08afd31df80cf9b4	740
vendor/wpt-480fdfcd/streams/readable-byte-streams/general.any.js	dc470ce8e9e30c7bdffaa4a07a03cc535d0bee85bc0e8852014fa8bf09814967	100284
vendor/wpt-480fdfcd/streams/readable-byte-streams/non-transferable-buffers.any.js	d98a91c23d5bad5d00aa81f21aec89ab2669458230d63a157495770c9fe31f37	2415
vendor/wpt-480fdfcd/streams/readable-byte-streams/patched-global.any.js	012b31993bd132753d3c23a0ce48654481f65ee2b9b62d228f2b02bf96318029	1889
vendor/wpt-480fdfcd/streams/readable-byte-streams/read-min.any.js	7c9676957490d5e8f2ab5da3a78c9df6447425453ba0f25e1e3d2eab40a4d444	29907
vendor/wpt-480fdfcd/streams/readable-byte-streams/respond-after-enqueue.any.js	80b4f94916b21e6b6de5032ad67038ce24d36ceea02d3960128eb8cac9abc0b5	1867
vendor/wpt-480fdfcd/streams/readable-byte-streams/tee.any.js	2b8716b846367254c20b3662674e79ec2eb559b36d0f0460346822829f567020	34539
vendor/wpt-480fdfcd/streams/readable-byte-streams/templated.any.js	db88231747832f45e3ff3813ee4ccc589a3cf333216434aea722ba91ba1d7367	923
vendor/wpt-480fdfcd/streams/readable-streams/WEB_FEATURES.yml	ec914d6bd13191add527d1d17c586366d375be68bd27058b720b81f2803eb931	170
vendor/wpt-480fdfcd/streams/readable-streams/async-iterator.any.js	23642e42322aebd262ad9084ba78e12c1c0ec0562fec3a7b124f10ef421e543c	21212
vendor/wpt-480fdfcd/streams/readable-streams/bad-strategies.any.js	6feff82c1b36f3107643b0efcaf46bf07c9c8a40947de603294959d1881aa62b	4589
vendor/wpt-480fdfcd/streams/readable-streams/bad-underlying-sources.any.js	10a8d8f3878a73b95580e824bee7a9bf029c51896a2d2c0c77c1eaf6301ce79e	9578
vendor/wpt-480fdfcd/streams/readable-streams/cancel.any.js	bd50daffad0c780fd72cc665fe5e791f3ef69cb552745947dfd053d0bb4596a0	7828
vendor/wpt-480fdfcd/streams/readable-streams/constructor.any.js	5a80b6aea8ce78ffc639bc85ab9ec9bfb64a4b102dcee53a6eaee1d904f4205c	680
vendor/wpt-480fdfcd/streams/readable-streams/count-queuing-strategy-integration.any.js	0e2014e25113e9e1685c59a2b8fbbd39eedc931fe9450054b0587030ed0b0366	8689
vendor/wpt-480fdfcd/streams/readable-streams/crashtests/WEB_FEATURES.yml	267bd166a281be0d14f4942864305e56a0dffb42aa0d0c15f15d419e6cd4ba7c	104
vendor/wpt-480fdfcd/streams/readable-streams/crashtests/empty.js	e3b0c44298fc1c149afbf4c8996fb92427ae41e4649b934ca495991b7852b855	0
vendor/wpt-480fdfcd/streams/readable-streams/crashtests/exception-during-size-while-pulling.html	1baa58e5b8ba9103aa15173b610d1effe7b6d6327d79f5ad935070634b626ecf	786
vendor/wpt-480fdfcd/streams/readable-streams/crashtests/from-cross-realm.https.html	c2d98ab5a316fac8995b1b3512ff91dfde3c36c504a4e542627e2f141790323a	593
vendor/wpt-480fdfcd/streams/readable-streams/crashtests/garbage-collection.any.js	fab6f4f58e2573a3e68a1cc921a2d3ea4ffa1125a0ced142288435c2f7110502	1161
vendor/wpt-480fdfcd/streams/readable-streams/crashtests/strategy-worker-terminate.html	9af5119218adaf46dbd6fb946252de2a6b3c70500a8a074b834a8b761910ecf0	271
vendor/wpt-480fdfcd/streams/readable-streams/crashtests/strategy-worker.js	2169c2ae7730df68aca187f4c366428a7b844a11e99fc97fb78017d70dcb41c9	105
vendor/wpt-480fdfcd/streams/readable-streams/cross-realm-crash.window.js	040bc6aa64cb94ea4cf9a27cc4ef2712c1b254a0b4374e21e0845884df0693e4	513
vendor/wpt-480fdfcd/streams/readable-streams/default-reader.any.js	97061c83a2371d0a48244f4d81a80046e178c0d88fd3cb23daac26d23221681c	14034
vendor/wpt-480fdfcd/streams/readable-streams/floating-point-total-queue-size.any.js	7e7e4d0767702c23de523e0e58d17cf997d12ced0f5836cf7930ec320243f560	4867
vendor/wpt-480fdfcd/streams/readable-streams/from.any.js	996b325c3932f30d14a20616c603a157bd98785c967c65c33fe2cb481a55adc9	17769
vendor/wpt-480fdfcd/streams/readable-streams/garbage-collection.any.js	7cccf65fc8ab70091aebbb262641c2465ba0eb829ad7d0611150cab71e29bd80	2359
vendor/wpt-480fdfcd/streams/readable-streams/general.any.js	6bb8158125422ff00a320d754f5f4e25aa4530dea07a774337493e6e8905a068	24097
vendor/wpt-480fdfcd/streams/readable-streams/global.html	9199e5f2812730f048f122f27d22d66aa57e3ce02a799ac5b5e222112772ffb8	7277
vendor/wpt-480fdfcd/streams/readable-streams/owning-type-message-port.tentative.any.js	8556129dac79c7e290809e890dbe68e9c3397636a3fc83f2505cca6b165596ee	1432
vendor/wpt-480fdfcd/streams/readable-streams/owning-type-video-frame.tentative.any.js	1dc3134e997d6fdec40ab0df328cc2e2d2f4fa7d6916ff9c1baab3e291f65730	3859
vendor/wpt-480fdfcd/streams/readable-streams/owning-type.tentative.any.js	17bc271eaaef5deec6103a8e26856618d79224fd9ea36547e940bfa40f587fba	2619
vendor/wpt-480fdfcd/streams/readable-streams/patched-global.any.js	187d22462a7079ee503c5b3199a17af0bf1c9d47d61cc9f96e6ad1e6621efcdf	4550
vendor/wpt-480fdfcd/streams/readable-streams/read-task-handling.window.js	3c065f7981ec5dc7cf3d162f5a67e5b0736e540bb0af29c4acf0a4be6fd835c1	1515
vendor/wpt-480fdfcd/streams/readable-streams/reentrant-strategies.any.js	d449d29868c794262d8ba634df0fc085a4e84c302e1014d09af5ffafb9b14185	7366
vendor/wpt-480fdfcd/streams/readable-streams/tee-detached-context-crash.html	4d23ab1241f198d3cbd2a82e7f58867da521f3b70828706232276722c21126b8	267
vendor/wpt-480fdfcd/streams/readable-streams/tee.any.js	098f2a7d34ca59cd739ff3ac6189a7ae6dd6d9b3c78010c5ec48b65358f29a3e	14134
vendor/wpt-480fdfcd/streams/readable-streams/templated.any.js	67bf45b9149dff2283524ae33c74ba3276abc6853ab1bee7d67c8fa655ca9879	3873
vendor/wpt-480fdfcd/streams/resources/recording-streams.js	7c90125c056643aa82b07eb00584e5d52ed39778b23adfeac82db2890a4a92ca	2618
vendor/wpt-480fdfcd/streams/resources/rs-test-templates.js	7a0d0d4860ca6b397fa4aa008f802a734b99b40adff7ad60524721367d838042	23854
vendor/wpt-480fdfcd/streams/resources/rs-utils.js	e4ac017aecf1eb2f83b0f22ece95998fec7d42a6de1d94fa1497351369bec04b	5140
vendor/wpt-480fdfcd/streams/resources/test-utils.js	6ba682d4fa67f654de9c0d3516b6c3e0cdf1f0017085c866418cf93ced85cce7	1558
vendor/wpt-480fdfcd/streams/transferable/WEB_FEATURES.yml	9d587fe46aba4a0b4e5a597796adc24a747818b7ba709cbb35ad6abccffff4d3	38
vendor/wpt-480fdfcd/streams/transferable/deserialize-error.window.js	c90c921df0a47b6b4b42b191772189808a9f5c4bedba3446a71d1594541b00c2	1094
vendor/wpt-480fdfcd/streams/transferable/gc-crash.html	b944c736fda08c2577d4288eaf5c59e37191a81d34fe9e05c3d49d4bd12e2e3e	571
vendor/wpt-480fdfcd/streams/transferable/readable-stream.html	ea713043fbb0623cefa482c0a630f678bf7b609413a5a8ee7a572cfa799640a5	8950
vendor/wpt-480fdfcd/streams/transferable/reason.html	6301ae628d06b4fafb65451a29367205747cbb8a6aed0b24b085c90924fc9744	5376
vendor/wpt-480fdfcd/streams/transferable/resources/create-wasm-module.js	56993fc793cbc3681f96904c418062a8c4187ba3e0400bcbe7f20e21d117ada1	493
vendor/wpt-480fdfcd/streams/transferable/resources/deserialize-error-frame.html	9c9c3f92f00fb438b1b3b59e88dea8b2da83ccd0200f0e80ac2f65b62906cf00	1411
vendor/wpt-480fdfcd/streams/transferable/resources/echo-iframe.html	f9939aa1fcff48facd8dcac8c163ba3cbc1fff41b2bb2d5f60efd9ef6d5945fe	152
vendor/wpt-480fdfcd/streams/transferable/resources/echo-worker.js	aa31662e3475e443ec866da5e0a88f938b9409d55091878da08ef6e6095a89b8	123
vendor/wpt-480fdfcd/streams/transferable/resources/helpers.js	4d202279de1ccdc3e721c556af3318ce2ba6ffe17239c7558e8bae3259b06023	4188
vendor/wpt-480fdfcd/streams/transferable/resources/receiving-shared-worker.js	dc888290475bbe741387630a9dea418d2946f6b710d4fdd490a528efacda07c1	288
vendor/wpt-480fdfcd/streams/transferable/resources/receiving-worker.js	db237ca4b856df3beeb51bd4401103f6b1d165e777d3b98be15d1a879952e154	203
vendor/wpt-480fdfcd/streams/transferable/resources/sending-shared-worker.js	c1283d1fc115601d6f1ac470581bf97a96026a4ad03229b8e26864adbf32582a	239
vendor/wpt-480fdfcd/streams/transferable/resources/sending-worker.js	0e5b91396cbc8a3e32f7210abc91c34d7dec4bf984eaa4a0b3b594e7fd1191f1	116
vendor/wpt-480fdfcd/streams/transferable/resources/service-worker-iframe.html	9702c417b89395f2ba771313c4254489b53f64af195a53ca5cb91d2185e53043	1179
vendor/wpt-480fdfcd/streams/transferable/resources/service-worker.js	3d1d5e4d5d925d3294131cdea087109ea9e66b829706941e380492ad82aaa3f0	671
vendor/wpt-480fdfcd/streams/transferable/service-worker.https.html	cd198e45e41f11fd54044978638b43f72fefbe7348e657c04158b760173dce65	994
vendor/wpt-480fdfcd/streams/transferable/shared-worker.html	a882a39de6570734ed4bdade582117faf1695123b20ffd549304ddfe44e3932a	856
vendor/wpt-480fdfcd/streams/transferable/transfer-with-messageport.window.js	8c3b0306a58fb22beb3c079037a30498130f98b7a9fbcd238bcaddb76bac9171	7244
vendor/wpt-480fdfcd/streams/transferable/transform-stream-members.any.js	149feb8415e067a3619e9aa4ff51c052cd015b4f31d6714072c13d6f78e61ba7	531
vendor/wpt-480fdfcd/streams/transferable/transform-stream.html	242a8c907d233a22ceebf1798cee1be7b0742ad6e39ea7832b2e1aa3d1ad7b85	3939
vendor/wpt-480fdfcd/streams/transferable/window.html	791f72e2a801f0496f7d1ec63dfe42168f31123430ceb611ad8608eae90bc7db	1857
vendor/wpt-480fdfcd/streams/transferable/worker.html	2fd048e718736ff7b1357ad63a622ff275164b33210f7e99845b253e9bcfd6c8	2470
vendor/wpt-480fdfcd/streams/transferable/writable-stream.html	e51a27e08dcda53e2af9d80dd584ff00c3d0328788d65f53f593bbf2bd86ec56	5408
vendor/wpt-480fdfcd/streams/transform-streams/WEB_FEATURES.yml	206de959976f4904267ea8d47c5563df2a4c52882e1b7ca5a7a87081a918440d	78
vendor/wpt-480fdfcd/streams/transform-streams/backpressure.any.js	ab782b9bfdf6a10b63baca464f9a1921a91d51ffa9a0e480ee7615d73b0bfbb6	7548
vendor/wpt-480fdfcd/streams/transform-streams/cancel.any.js	5f9bf2e0d2729d256a2b3a3610cb251902dd9086556d7b40287f0f0a99bb987f	7781
vendor/wpt-480fdfcd/streams/transform-streams/errors.any.js	71c1204e33c342cf25d3868c322449720ebf166fb5bba7f58087553a84af70bd	13360
vendor/wpt-480fdfcd/streams/transform-streams/flush.any.js	ad57ce879215c81dcf131def5b97a18395e2acc2b30b3cac55731b4ee25a935a	4558
vendor/wpt-480fdfcd/streams/transform-streams/general.any.js	749a8a1120d59718d64956cce3df5ecc5705209dc4a4016cc5f7e6c23b17c2d5	14029
vendor/wpt-480fdfcd/streams/transform-streams/invalid-realm.tentative.window.js	76c1883378461421493e8d3bcb469f82414f30e4e88b0e34570d1ce061446550	609
vendor/wpt-480fdfcd/streams/transform-streams/lipfuzz.any.js	a0ba7a5d8ddbee665214c52196558664e65f92654d318f93b3f58be2316fc5e1	3860
vendor/wpt-480fdfcd/streams/transform-streams/patched-global.any.js	8b6c5aa8679cf47bb02485a2230e93b7b020c50e847a10e848da40ec01f199bd	1923
vendor/wpt-480fdfcd/streams/transform-streams/properties.any.js	7312443db2273423f846fe91df883c695c14e4bb72f1b11253a8e4661f84946e	1510
vendor/wpt-480fdfcd/streams/transform-streams/reentrant-strategies.any.js	1f2f15790667f79df8a91d955efaf8fbb74d5e0fa3429971727e5f521ed97093	10314
vendor/wpt-480fdfcd/streams/transform-streams/strategies.any.js	c6589339aa3569d11b99305a726c22983d9c562322007cd35875e44df12df161	5941
vendor/wpt-480fdfcd/streams/transform-streams/terminate.any.js	1bb7e2419d918780f91ba4abe7f3154231d188ccf9e8361dd34d733af9f5557f	3491
vendor/wpt-480fdfcd/streams/writable-streams/WEB_FEATURES.yml	6be9e5015cc13f8aed0ae3892eae983b86f21a531936b0888b2591f1e59fde80	25
vendor/wpt-480fdfcd/streams/writable-streams/aborting.any.js	4c715f88e95375f889edbebe7b2e0681719ad81873514b87a6d7ce22134c5259	50479
vendor/wpt-480fdfcd/streams/writable-streams/bad-strategies.any.js	9dba527162bd54113740618124350ff2df117199c948b0d142102582b21376a5	2661
vendor/wpt-480fdfcd/streams/writable-streams/bad-underlying-sinks.any.js	1d644df1e1cdda4422512702f8680c83dfcf42f9d43a716468e209342b3ef8a4	6419
vendor/wpt-480fdfcd/streams/writable-streams/byte-length-queuing-strategy.any.js	2e711f5a35a0e5795b961139e548f639058fc2fed2e3ed74d24a829cf30f7d6c	704
vendor/wpt-480fdfcd/streams/writable-streams/close.any.js	ce362b5f0325d3f7ff55b51bb13f80d42aeb3b08b8f364258c6ca7821a68e1cd	14222
vendor/wpt-480fdfcd/streams/writable-streams/constructor.any.js	84dec5817cfb4697f414a6595864de91e1716c4058234123c76d8cd00edd61af	5575
vendor/wpt-480fdfcd/streams/writable-streams/count-queuing-strategy.any.js	eccd6eec96a5483cb5982c373427e850fa17942fcb632d2eaf89726822bfa5b2	3934
vendor/wpt-480fdfcd/streams/writable-streams/crashtests/garbage-collection.any.js	4ff0aeb7102844e8c3c9c33f472a1f849ce7b9956299c19d58b008f947529079	2602
vendor/wpt-480fdfcd/streams/writable-streams/error.any.js	07465db8be2affd45d0a42887c952543f966c42b932f03c80248189a75b982e7	1517
vendor/wpt-480fdfcd/streams/writable-streams/floating-point-total-queue-size.any.js	11dd40aab4d526bf59547b4ab81b429015c3ffd39f73ce3934bfa9cfba6199ca	3103
vendor/wpt-480fdfcd/streams/writable-streams/garbage-collection.any.js	44a03d09ab25649812803ffd347f6a9862591fa6574a8b0438644474007b57e3	504
vendor/wpt-480fdfcd/streams/writable-streams/general.any.js	06f0856ac4964a498daf45aa811b50c16f5f8d11e62370def268673338dbe243	8321
vendor/wpt-480fdfcd/streams/writable-streams/properties.any.js	b819db62db4e25d8d4c894e12904caf039f8892bf5906d2aae6bc7508fd640ed	1428
vendor/wpt-480fdfcd/streams/writable-streams/reentrant-strategy.any.js	f1c493977d45b80e1acd6611dab52896f281d527fe54518d88c39dba200210aa	6181
vendor/wpt-480fdfcd/streams/writable-streams/start.any.js	fa77f9baae62fff674c310556d0a6a7081faa86818e1769cd7e7cede035d91d9	5241
vendor/wpt-480fdfcd/streams/writable-streams/write.any.js	5f22aeca15972bf8adac5f5d5d09d5fb5ac71a9c7f74811e787b5d4890319b0d	10005
